{
  "loss": 0.5553248524665833,
  "compile_metrics": 0.7333333492279053,
  "roc_auc": 0.8133333333333334
}