{
  "accuracy": [
    0.8999999761581421,
    0.8785714507102966,
    0.8571428656578064,
    0.9142857193946838,
    0.8785714507102966,
    0.9357143044471741,
    0.8857142925262451,
    0.8785714507102966,
    0.8428571224212646,
    0.8571428656578064,
    0.8428571224212646,
    0.8357142806053162,
    0.8642857074737549,
    0.8857142925262451,
    0.9285714030265808,
    0.8714285492897034,
    0.8642857074737549,
    0.9214285612106323,
    0.8928571343421936,
    0.9142857193946838,
    0.8571428656578064,
    0.8857142925262451,
    0.8928571343421936,
    0.8142856955528259,
    0.8785714507102966
  ],
  "auc": [
    0.964897871017456,
    0.9479592442512512,
    0.9448979496955872,
    0.9568367600440979,
    0.9671428203582764,
    0.9729591608047485,
    0.9360204339027405,
    0.9511224031448364,
    0.919387698173523,
    0.947857141494751,
    0.9230612516403198,
    0.9423469305038452,
    0.9394897818565369,
    0.9383673667907715,
    0.9725509881973267,
    0.9408162832260132,
    0.9297958612442017,
    0.9640815854072571,
    0.950204074382782,
    0.9774489998817444,
    0.9455101490020752,
    0.9659183621406555,
    0.9651020169258118,
    0.9060204029083252,
    0.9376530051231384
  ],
  "loss": [
    0.23642414808273315,
    0.2893361449241638,
    0.30252572894096375,
    0.26705804467201233,
    0.23709622025489807,
    0.2118154913187027,
    0.3305014371871948,
    0.28627848625183105,
    0.3683781623840332,
    0.2924565076828003,
    0.35004276037216187,
    0.30771756172180176,
    0.31497326493263245,
    0.3129726052284241,
    0.21099573373794556,
    0.3052922785282135,
    0.35013213753700256,
    0.24474377930164337,
    0.28861650824546814,
    0.19717176258563995,
    0.3098260760307312,
    0.23241016268730164,
    0.241504967212677,
    0.4195807874202728,
    0.32411834597587585
  ],
  "precision": [
    0.9242424368858337,
    0.8732394576072693,
    0.8571428656578064,
    0.9264705777168274,
    0.89552241563797,
    0.9552238583564758,
    0.8857142925262451,
    0.89552241563797,
    0.8333333134651184,
    0.837837815284729,
    0.8636363744735718,
    0.8615384697914124,
    0.8591549396514893,
    0.8857142925262451,
    0.9285714030265808,
    0.8611111044883728,
    0.8591549396514893,
    0.9275362491607666,
    0.8873239159584045,
    0.9264705777168274,
    0.8787878751754761,
    0.8970588445663452,
    0.8873239159584045,
    0.8055555820465088,
    0.8732394576072693
  ],
  "recall": [
    0.8714285492897034,
    0.8857142925262451,
    0.8571428656578064,
    0.8999999761581421,
    0.8571428656578064,
    0.9142857193946838,
    0.8857142925262451,
    0.8571428656578064,
    0.8571428656578064,
    0.8857142925262451,
    0.8142856955528259,
    0.800000011920929,
    0.8714285492897034,
    0.8857142925262451,
    0.9285714030265808,
    0.8857142925262451,
    0.8714285492897034,
    0.9142857193946838,
    0.8999999761581421,
    0.8999999761581421,
    0.8285714387893677,
    0.8714285492897034,
    0.8999999761581421,
    0.8285714387893677,
    0.8857142925262451
  ],
  "val_accuracy": [
    0.7666666507720947,
    0.7666666507720947,
    0.800000011920929,
    0.800000011920929,
    0.800000011920929,
    0.800000011920929,
    0.800000011920929,
    0.800000011920929,
    0.800000011920929,
    0.800000011920929,
    0.800000011920929,
    0.800000011920929,
    0.800000011920929,
    0.800000011920929,
    0.7666666507720947,
    0.7666666507720947,
    0.7666666507720947,
    0.7666666507720947,
    0.7666666507720947,
    0.7666666507720947,
    0.7666666507720947,
    0.7666666507720947,
    0.7666666507720947,
    0.7666666507720947,
    0.800000011920929
  ],
  "val_auc": [
    0.8622221946716309,
    0.8622221946716309,
    0.8644444346427917,
    0.8666666746139526,
    0.8688888549804688,
    0.8755555152893066,
    0.8755555748939514,
    0.8777777552604675,
    0.8822221755981445,
    0.8777778148651123,
    0.8733333349227905,
    0.8711111545562744,
    0.8733333349227905,
    0.8755555152893066,
    0.8777778148651123,
    0.8822222948074341,
    0.8866666555404663,
    0.8844444155693054,
    0.8844444155693054,
    0.8866666555404663,
    0.8866666555404663,
    0.888888955116272,
    0.8888888955116272,
    0.8888888359069824,
    0.8888888359069824
  ],
  "val_loss": [
    0.47511211037635803,
    0.4730774760246277,
    0.47146064043045044,
    0.4695027768611908,
    0.4677397906780243,
    0.46733298897743225,
    0.4681791365146637,
    0.4686693251132965,
    0.4698106646537781,
    0.4705878794193268,
    0.471954882144928,
    0.472956120967865,
    0.4723641574382782,
    0.4721624255180359,
    0.4713590741157532,
    0.4705691635608673,
    0.4701545834541321,
    0.4679780900478363,
    0.4680253267288208,
    0.4660998582839966,
    0.4653518795967102,
    0.463171124458313,
    0.4611429274082184,
    0.459427148103714,
    0.4578467011451721
  ],
  "val_precision": [
    0.75,
    0.75,
    0.7647058963775635,
    0.7647058963775635,
    0.7647058963775635,
    0.7647058963775635,
    0.7647058963775635,
    0.7647058963775635,
    0.7647058963775635,
    0.7647058963775635,
    0.7647058963775635,
    0.7647058963775635,
    0.7647058963775635,
    0.7647058963775635,
    0.7222222089767456,
    0.7222222089767456,
    0.7222222089767456,
    0.7222222089767456,
    0.7222222089767456,
    0.7222222089767456,
    0.7222222089767456,
    0.7222222089767456,
    0.7222222089767456,
    0.7222222089767456,
    0.7647058963775635
  ],
  "val_recall": [
    0.800000011920929,
    0.800000011920929,
    0.8666666746139526,
    0.8666666746139526,
    0.8666666746139526,
    0.8666666746139526,
    0.8666666746139526,
    0.8666666746139526,
    0.8666666746139526,
    0.8666666746139526,
    0.8666666746139526,
    0.8666666746139526,
    0.8666666746139526,
    0.8666666746139526,
    0.8666666746139526,
    0.8666666746139526,
    0.8666666746139526,
    0.8666666746139526,
    0.8666666746139526,
    0.8666666746139526,
    0.8666666746139526,
    0.8666666746139526,
    0.8666666746139526,
    0.8666666746139526,
    0.8666666746139526
  ],
  "learning_rate": [
    9.999999747378752e-06,
    9.999999747378752e-06,
    9.999999747378752e-06,
    9.999999747378752e-06,
    9.999999747378752e-06,
    9.999999747378752e-06,
    9.999999747378752e-06,
    9.999999747378752e-06,
    9.999999747378752e-06,
    9.999999747378752e-06,
    9.999999747378752e-06,
    4.999999873689376e-06,
    4.999999873689376e-06,
    4.999999873689376e-06,
    4.999999873689376e-06,
    4.999999873689376e-06,
    2.499999936844688e-06,
    2.499999936844688e-06,
    2.499999936844688e-06,
    2.499999936844688e-06,
    2.499999936844688e-06,
    2.499999936844688e-06,
    2.499999936844688e-06,
    2.499999936844688e-06,
    2.499999936844688e-06
  ]
}