{
  "accuracy": [
    0.6142857074737549,
    0.7357142567634583,
    0.75,
    0.7857142686843872,
    0.8214285969734192,
    0.800000011920929,
    0.8785714507102966,
    0.800000011920929,
    0.8142856955528259,
    0.8285714387893677,
    0.8285714387893677,
    0.8714285492897034
  ],
  "auc": [
    0.5960204601287842,
    0.7854081392288208,
    0.795918345451355,
    0.8763265013694763,
    0.9055101871490479,
    0.8887755274772644,
    0.930306077003479,
    0.8972448706626892,
    0.9003061056137085,
    0.9171428680419922,
    0.8999999761581421,
    0.9342857003211975
  ],
  "loss": [
    0.8670308589935303,
    0.6262058615684509,
    0.6434460282325745,
    0.4711906313896179,
    0.4152800440788269,
    0.4341353178024292,
    0.35816192626953125,
    0.41557207703590393,
    0.4118535816669464,
    0.36707326769828796,
    0.431037575006485,
    0.3418522775173187
  ],
  "precision": [
    0.6142857074737549,
    0.746268630027771,
    0.7611940503120422,
    0.7777777910232544,
    0.8571428656578064,
    0.8181818127632141,
    0.8732394576072693,
    0.8387096524238586,
    0.8235294222831726,
    0.8382353186607361,
    0.8382353186607361,
    0.90625
  ],
  "recall": [
    0.6142857074737549,
    0.7142857313156128,
    0.7285714149475098,
    0.800000011920929,
    0.7714285850524902,
    0.7714285850524902,
    0.8857142925262451,
    0.7428571581840515,
    0.800000011920929,
    0.8142856955528259,
    0.8142856955528259,
    0.8285714387893677
  ],
  "val_accuracy": [
    0.6333333253860474,
    0.7666666507720947,
    0.699999988079071,
    0.7666666507720947,
    0.7333333492279053,
    0.699999988079071,
    0.7333333492279053,
    0.7333333492279053,
    0.699999988079071,
    0.7333333492279053,
    0.699999988079071,
    0.699999988079071
  ],
  "val_auc": [
    0.7799999713897705,
    0.8844444751739502,
    0.8333333134651184,
    0.8422222137451172,
    0.8600000143051147,
    0.8488888740539551,
    0.8422222137451172,
    0.8444443941116333,
    0.8666666746139526,
    0.8755555152893066,
    0.855555534362793,
    0.8311111330986023
  ],
  "val_loss": [
    0.6305992007255554,
    0.5686991810798645,
    0.5650972127914429,
    0.5335429906845093,
    0.49983903765678406,
    0.4997152090072632,
    0.5070030093193054,
    0.5138136148452759,
    0.5026938319206238,
    0.5004075765609741,
    0.4962826371192932,
    0.49657973647117615
  ],
  "val_precision": [
    0.75,
    0.75,
    0.6499999761581421,
    0.699999988079071,
    0.7692307829856873,
    0.7142857313156128,
    0.7333333492279053,
    0.7692307829856873,
    0.75,
    0.7692307829856873,
    0.75,
    0.7142857313156128
  ],
  "val_recall": [
    0.4000000059604645,
    0.800000011920929,
    0.8666666746139526,
    0.9333333373069763,
    0.6666666865348816,
    0.6666666865348816,
    0.7333333492279053,
    0.6666666865348816,
    0.6000000238418579,
    0.6666666865348816,
    0.6000000238418579,
    0.6666666865348816
  ],
  "learning_rate": [
    0.0010000000474974513,
    0.0010000000474974513,
    0.0010000000474974513,
    0.0010000000474974513,
    0.0010000000474974513,
    0.0010000000474974513,
    0.0010000000474974513,
    0.0010000000474974513,
    0.0010000000474974513,
    0.0010000000474974513,
    0.0010000000474974513,
    0.0010000000474974513
  ]
}