{
  "accuracy": [
    0.550000011920929,
    0.7285714149475098,
    0.7714285850524902,
    0.75,
    0.8285714387893677,
    0.8357142806053162,
    0.800000011920929,
    0.8142856955528259,
    0.8571428656578064,
    0.8285714387893677,
    0.8285714387893677,
    0.8928571343421936,
    0.8357142806053162,
    0.8714285492897034,
    0.8928571343421936,
    0.9214285612106323,
    0.8857142925262451,
    0.8857142925262451,
    0.8857142925262451,
    0.9071428775787354,
    0.8928571343421936,
    0.8999999761581421
  ],
  "auc": [
    0.5931633114814758,
    0.7871428728103638,
    0.8330612182617188,
    0.8807142972946167,
    0.8872448801994324,
    0.9095918536186218,
    0.8762245178222656,
    0.913673460483551,
    0.934999942779541,
    0.9138774871826172,
    0.9243878126144409,
    0.9606122374534607,
    0.9234693646430969,
    0.9622449278831482,
    0.964489758014679,
    0.9806122183799744,
    0.9592856764793396,
    0.9709183573722839,
    0.9632653594017029,
    0.9683673977851868,
    0.961122453212738,
    0.9734694361686707
  ],
  "loss": [
    0.9586517214775085,
    0.6303935647010803,
    0.5767481327056885,
    0.4410869777202606,
    0.44307273626327515,
    0.3742108941078186,
    0.48103031516075134,
    0.3736478090286255,
    0.3162672519683838,
    0.38299286365509033,
    0.34967780113220215,
    0.2554978132247925,
    0.3633067309856415,
    0.2509630024433136,
    0.2435002475976944,
    0.19696307182312012,
    0.25783494114875793,
    0.22274507582187653,
    0.24809478223323822,
    0.2292434722185135,
    0.2564806342124939,
    0.20116378366947174
  ],
  "precision": [
    0.5507246255874634,
    0.7580645084381104,
    0.75,
    0.7777777910232544,
    0.8484848737716675,
    0.8507462739944458,
    0.7837837934494019,
    0.8235294222831726,
    0.8676470518112183,
    0.8382353186607361,
    0.8382353186607361,
    0.8873239159584045,
    0.8309859037399292,
    0.8939393758773804,
    0.8873239159584045,
    0.9275362491607666,
    0.9090909361839294,
    0.8970588445663452,
    0.8857142925262451,
    0.9253731369972229,
    0.8767123222351074,
    0.8999999761581421
  ],
  "recall": [
    0.5428571701049805,
    0.6714285612106323,
    0.8142856955528259,
    0.699999988079071,
    0.800000011920929,
    0.8142856955528259,
    0.8285714387893677,
    0.800000011920929,
    0.8428571224212646,
    0.8142856955528259,
    0.8142856955528259,
    0.8999999761581421,
    0.8428571224212646,
    0.8428571224212646,
    0.8999999761581421,
    0.9142857193946838,
    0.8571428656578064,
    0.8714285492897034,
    0.8857142925262451,
    0.8857142925262451,
    0.9142857193946838,
    0.8999999761581421
  ],
  "val_accuracy": [
    0.5,
    0.6666666865348816,
    0.7666666507720947,
    0.6333333253860474,
    0.6000000238418579,
    0.800000011920929,
    0.8333333134651184,
    0.7666666507720947,
    0.800000011920929,
    0.7333333492279053,
    0.8333333134651184,
    0.7333333492279053,
    0.699999988079071,
    0.6666666865348816,
    0.6000000238418579,
    0.5333333611488342,
    0.6666666865348816,
    0.699999988079071,
    0.7333333492279053,
    0.7333333492279053,
    0.6333333253860474,
    0.6333333253860474
  ],
  "val_auc": [
    0.7355555295944214,
    0.7888888716697693,
    0.8066666722297668,
    0.800000011920929,
    0.7977777719497681,
    0.81333327293396,
    0.8511110544204712,
    0.8155555725097656,
    0.804444432258606,
    0.8266666531562805,
    0.8311110734939575,
    0.8733333349227905,
    0.8111111521720886,
    0.7644444108009338,
    0.7022222280502319,
    0.6911110877990723,
    0.7866666316986084,
    0.8133333325386047,
    0.8133333325386047,
    0.7711111307144165,
    0.762222170829773,
    0.7311111688613892
  ],
  "val_loss": [
    0.670946478843689,
    0.5967722535133362,
    0.5886568427085876,
    0.6151214241981506,
    0.6025265455245972,
    0.5512402057647705,
    0.525619387626648,
    0.5452578067779541,
    0.5604782700538635,
    0.5428532958030701,
    0.4874955713748932,
    0.47719231247901917,
    0.5436117053031921,
    0.581486701965332,
    0.6295503377914429,
    0.6392160654067993,
    0.5560691356658936,
    0.5488945841789246,
    0.5325855612754822,
    0.5625702142715454,
    0.5964596271514893,
    0.6334340572357178
  ],
  "val_precision": [
    0.5,
    0.7777777910232544,
    0.8333333134651184,
    0.8333333134651184,
    0.7142857313156128,
    0.8461538553237915,
    0.8571428656578064,
    0.75,
    0.7647058963775635,
    0.6842105388641357,
    0.8125,
    0.7333333492279053,
    0.6875,
    0.6315789222717285,
    0.5882353186607361,
    0.5333333611488342,
    0.6315789222717285,
    0.6499999761581421,
    0.6842105388641357,
    0.6842105388641357,
    0.6111111044883728,
    0.6111111044883728
  ],
  "val_recall": [
    0.06666667014360428,
    0.46666666865348816,
    0.6666666865348816,
    0.3333333432674408,
    0.3333333432674408,
    0.7333333492279053,
    0.800000011920929,
    0.800000011920929,
    0.8666666746139526,
    0.8666666746139526,
    0.8666666746139526,
    0.7333333492279053,
    0.7333333492279053,
    0.800000011920929,
    0.6666666865348816,
    0.5333333611488342,
    0.800000011920929,
    0.8666666746139526,
    0.8666666746139526,
    0.8666666746139526,
    0.7333333492279053,
    0.7333333492279053
  ],
  "learning_rate": [
    0.0010000000474974513,
    0.0010000000474974513,
    0.0010000000474974513,
    0.0010000000474974513,
    0.0010000000474974513,
    0.0010000000474974513,
    0.0010000000474974513,
    0.0010000000474974513,
    0.0010000000474974513,
    0.0010000000474974513,
    0.0010000000474974513,
    0.0010000000474974513,
    0.0010000000474974513,
    0.0010000000474974513,
    0.0010000000474974513,
    0.0010000000474974513,
    0.0010000000474974513,
    0.0005000000237487257,
    0.0005000000237487257,
    0.0005000000237487257,
    0.0005000000237487257,
    0.0005000000237487257
  ]
}