{
  "accuracy": [
    0.560606062412262,
    0.7575757503509521,
    0.7424242496490479,
    0.8181818127632141,
    0.7727272510528564,
    0.8257575631141663,
    0.7651515007019043,
    0.7727272510528564,
    0.8257575631141663,
    0.8409090638160706,
    0.8712121248245239,
    0.8030303120613098,
    0.8181818127632141,
    0.8636363744735718,
    0.8409090638160706,
    0.8484848737716675,
    0.7727272510528564,
    0.8560606241226196,
    0.8712121248245239,
    0.8333333134651184,
    0.8712121248245239,
    0.8712121248245239,
    0.8333333134651184,
    0.8333333134651184,
    0.8636363744735718
  ],
  "auc": [
    0.631313145160675,
    0.8292011022567749,
    0.8409090638160706,
    0.9053030610084534,
    0.8714417219161987,
    0.9073691964149475,
    0.8741965293884277,
    0.8820018768310547,
    0.9086318016052246,
    0.9234389662742615,
    0.9279155731201172,
    0.9070248603820801,
    0.9100092649459839,
    0.9171258807182312,
    0.9046143889427185,
    0.9182736873626709,
    0.8931359052658081,
    0.9553489685058594,
    0.9452478885650635,
    0.9118458032608032,
    0.9418044090270996,
    0.9600551128387451,
    0.9399678707122803,
    0.9217172265052795,
    0.941919207572937
  ],
  "loss": [
    0.8921587467193604,
    0.5255889296531677,
    0.5364672541618347,
    0.39340919256210327,
    0.45062825083732605,
    0.3963502049446106,
    0.47211432456970215,
    0.43669700622558594,
    0.37958982586860657,
    0.3451656699180603,
    0.3294755816459656,
    0.4028880298137665,
    0.3833165168762207,
    0.37319621443748474,
    0.40764930844306946,
    0.3562031388282776,
    0.43281832337379456,
    0.2712157368659973,
    0.31684610247612,
    0.3818211555480957,
    0.3111143410205841,
    0.2570168673992157,
    0.3184469938278198,
    0.36133021116256714,
    0.3046112060546875
  ],
  "precision": [
    0.568965494632721,
    0.7833333611488342,
    0.7758620977401733,
    0.8181818127632141,
    0.800000011920929,
    0.8644067645072937,
    0.7777777910232544,
    0.7647058963775635,
    0.8208954930305481,
    0.8461538553237915,
    0.9152542352676392,
    0.8703703880310059,
    0.8181818127632141,
    0.8636363744735718,
    0.8260869383811951,
    0.859375,
    0.8103448152542114,
    0.8852459192276001,
    0.8888888955116272,
    0.8235294222831726,
    0.835616409778595,
    0.8656716346740723,
    0.8666666746139526,
    0.8055555820465088,
    0.8529411554336548
  ],
  "recall": [
    0.5,
    0.7121211886405945,
    0.6818181872367859,
    0.8181818127632141,
    0.7272727489471436,
    0.7727272510528564,
    0.7424242496490479,
    0.7878788113594055,
    0.8333333134651184,
    0.8333333134651184,
    0.8181818127632141,
    0.7121211886405945,
    0.8181818127632141,
    0.8636363744735718,
    0.8636363744735718,
    0.8333333134651184,
    0.7121211886405945,
    0.8181818127632141,
    0.8484848737716675,
    0.8484848737716675,
    0.9242424368858337,
    0.8787878751754761,
    0.7878788113594055,
    0.8787878751754761,
    0.8787878751754761
  ],
  "val_accuracy": [
    0.3076923191547394,
    0.7692307829856873,
    0.42307692766189575,
    0.7307692170143127,
    0.5769230723381042,
    0.5769230723381042,
    0.692307710647583,
    0.6538461446762085,
    0.6538461446762085,
    0.7692307829856873,
    0.807692289352417,
    0.5384615659713745,
    0.5769230723381042,
    0.6538461446762085,
    0.692307710647583,
    0.807692289352417,
    0.807692289352417,
    0.5384615659713745,
    0.692307710647583,
    0.6538461446762085,
    0.6153846383094788,
    0.6153846383094788,
    0.5769230723381042,
    0.6153846383094788,
    0.6153846383094788
  ],
  "val_auc": [
    0.26035502552986145,
    0.6627218723297119,
    0.5384615659713745,
    0.7071005702018738,
    0.7307692170143127,
    0.568047285079956,
    0.6715975999832153,
    0.8017751574516296,
    0.7278106212615967,
    0.807692289352417,
    0.7514793276786804,
    0.6272189021110535,
    0.6065089106559753,
    0.6301774978637695,
    0.8224852085113525,
    0.8254438042640686,
    0.7928993701934814,
    0.6272189021110535,
    0.7662721872329712,
    0.8284024000167847,
    0.8284024000167847,
    0.8254437446594238,
    0.7573964595794678,
    0.7514792680740356,
    0.7426035404205322
  ],
  "val_loss": [
    0.7637515664100647,
    0.6744255423545837,
    0.7078295946121216,
    0.6578476428985596,
    0.6644781827926636,
    0.6992279887199402,
    0.655331552028656,
    0.6350305080413818,
    0.6412438154220581,
    0.6274916529655457,
    0.59044349193573,
    0.6567453145980835,
    0.6647478938102722,
    0.6622928977012634,
    0.5775301456451416,
    0.5392813682556152,
    0.6048126816749573,
    0.7021058201789856,
    0.6185389161109924,
    0.6148697137832642,
    0.5772272348403931,
    0.5646332502365112,
    0.5939778685569763,
    0.6090036630630493,
    0.610917329788208
  ],
  "val_precision": [
    0.3529411852359772,
    0.6842105388641357,
    0.4444444477558136,
    0.6499999761581421,
    0.5454545617103577,
    0.5555555820465088,
    0.6315789222717285,
    0.6000000238418579,
    0.6000000238418579,
    0.7333333492279053,
    0.75,
    0.529411792755127,
    0.5625,
    0.6111111044883728,
    0.6315789222717285,
    0.75,
    0.7857142686843872,
    0.5384615659713745,
    0.6470588445663452,
    0.6111111044883728,
    0.5714285969734192,
    0.5714285969734192,
    0.550000011920929,
    0.5714285969734192,
    0.5714285969734192
  ],
  "val_recall": [
    0.4615384638309479,
    1.0,
    0.6153846383094788,
    1.0,
    0.9230769276618958,
    0.7692307829856873,
    0.9230769276618958,
    0.9230769276618958,
    0.9230769276618958,
    0.8461538553237915,
    0.9230769276618958,
    0.692307710647583,
    0.692307710647583,
    0.8461538553237915,
    0.9230769276618958,
    0.9230769276618958,
    0.8461538553237915,
    0.5384615659713745,
    0.8461538553237915,
    0.8461538553237915,
    0.9230769276618958,
    0.9230769276618958,
    0.8461538553237915,
    0.9230769276618958,
    0.9230769276618958
  ],
  "learning_rate": [
    0.0010000000474974513,
    0.0010000000474974513,
    0.0010000000474974513,
    0.0010000000474974513,
    0.0010000000474974513,
    0.0010000000474974513,
    0.0010000000474974513,
    0.0010000000474974513,
    0.0010000000474974513,
    0.0010000000474974513,
    0.0010000000474974513,
    0.0010000000474974513,
    0.0010000000474974513,
    0.0010000000474974513,
    0.0010000000474974513,
    0.0010000000474974513,
    0.0010000000474974513,
    0.0010000000474974513,
    0.0010000000474974513,
    0.0010000000474974513,
    0.0010000000474974513,
    0.0005000000237487257,
    0.0005000000237487257,
    0.0005000000237487257,
    0.0005000000237487257
  ]
}