epoch,accuracy,auc,learning_rate,loss,precision,recall,val_accuracy,val_auc,val_loss,val_precision,val_recall
0,0.5642856955528259,0.6039795875549316,0.0010000000474974,0.8254595398902893,0.5692307949066162,0.5285714268684387,0.5666666626930237,0.7200000286102295,0.6839269399642944,0.75,0.2000000029802322
1,0.7642857432365417,0.8428571224212646,0.0010000000474974,0.5200488567352295,0.7761194109916687,0.7428571581840515,0.6000000238418579,0.7733333110809326,0.6923925280570984,1.0,0.2000000029802322
2,0.7928571701049805,0.8927551507949829,0.0010000000474974,0.422973483800888,0.8059701323509216,0.7714285850524902,0.6333333253860474,0.7355555295944214,0.7036474943161011,1.0,0.2666666805744171
3,0.8142856955528259,0.889081597328186,0.0010000000474974,0.4453872740268707,0.8333333134651184,0.7857142686843872,0.6666666865348816,0.746666669845581,0.6533688902854919,0.8571428656578064,0.4000000059604645
4,0.7642857432365417,0.8767346739768982,0.0010000000474974,0.4659594893455505,0.7605633735656738,0.7714285850524902,0.7333333492279053,0.8155555129051208,0.5440734028816223,0.8888888955116272,0.5333333611488342
5,0.8285714387893677,0.9047958850860596,0.0010000000474974,0.4083687663078308,0.8285714387893677,0.8285714387893677,0.7666666507720947,0.8444444537162781,0.5034924149513245,0.75,0.800000011920929
6,0.8714285492897034,0.9466326236724854,0.0010000000474974,0.2999626100063324,0.8611111044883728,0.8857142925262451,0.6666666865348816,0.846666693687439,0.5127065777778625,0.6315789222717285,0.800000011920929
7,0.7928571701049805,0.9220407605171204,0.0010000000474974,0.352161705493927,0.8153846263885498,0.7571428418159485,0.6000000238418579,0.7555555701255798,0.5547477602958679,0.6000000238418579,0.6000000238418579
