epoch,accuracy,auc,learning_rate,loss,precision,recall,val_accuracy,val_auc,val_loss,val_precision,val_recall
0,0.4848484992980957,0.4669421315193176,0.0010000000474974513,0.9891846179962158,0.4848484992980957,0.4848484992980957,0.5,0.5,0.6970227360725403,0.0,0.0
1,0.46212121844291687,0.4733700752258301,0.0010000000474974513,0.9774304032325745,0.4637681245803833,0.4848484992980957,0.5,0.5,0.6950864791870117,0.0,0.0
